interval,ave_hfr,count
1980-1984,0.50216,167
1985-1989,0.500832,128
1990-1994,0.495952,218
1995-1999,0.442232,259
2000-2004,0.39828,104
2005-2009,0.383732,287
2010-2014,0.387808,301
